<?xml version="1.0"?>
<!DOCTYPE hibernate-mapping PUBLIC "-//Hibernate/Hibernate Mapping DTD 3.0//EN"
"http://hibernate.sourceforge.net/hibernate-mapping-3.0.dtd">
<hibernate-mapping package="com.mtmm.entities">
	<class name="Game" table="game">
		<id name="gameNo" column="game_no">
			<generator class="increment" />
		</id>
		<property name="seriesName" column="series_nm" />
		<property name="matchConductedDate"
			column="match_conducted_dt" />
		<property name="location" />
		<map name="players" table="game_players">
			<key column="game_no" />
			<map-key column="world_ranking_no" type="int" />
			<many-to-many column="player_no" class="Player" />
		</map>
	</class>
</hibernate-mapping>