<?xml version="1.0" encoding="UTF-8"?>
<beans xmlns="http://www.springframework.org/schema/beans"
	xmlns:xsi="http://www.w3.org/2001/XMLSchema-instance"
	xsi:schemaLocation="http://www.springframework.org/schema/beans http://www.springframework.org/schema/beans/spring-beans.xsd">


	<!-- <bean id="car1" class="com.bi.beans.Car"> <property name="id" value="39" 
		/> <property name="model" value="Baleno" /> <property name="manufacturer" 
		value="Maruthi Suzki" /> <property name="color" value="red" /> <property 
		name="fuelType" value="Diesel" /> <property name="mileage" value="14.5" /> 
		<property name="price" value="670000" /> </bean> <bean id="car2" class="com.bi.beans.Car" 
		parent="car1"> <property name="id" value="40" /> </bean> <bean id="bus" class="com.bi.beans.Bus" 
		parent="car1"> </bean> -->
	<bean id="car" abstract="true">
		<constructor-arg value="39" name="id" />
		<constructor-arg value="baleno" name="model" />
		<constructor-arg value="Maruthi Suzki"
			name="manufacturer" />
		<constructor-arg value="red" name="color" />
		<constructor-arg value="diesel" name="fuelType" />
		<constructor-arg value="14.5" name="mileage" />
		<constructor-arg value="770000" name="price" />
	</bean>

	<bean id="car1" class="com.bi.beans.Car" parent="car">
		<constructor-arg value="39" name="id" />
	</bean>
	<bean id="car2" class="com.bi.beans.Car" parent="car">
		<constructor-arg value="40" name="id" />
	</bean>
</beans>























