<?xml version="1.0" encoding="UTF-8"?>
<beans xmlns="http://www.springframework.org/schema/beans"
	xmlns:xsi="http://www.w3.org/2001/XMLSchema-instance"
	xmlns:jaxws="http://cxf.apache.org/jaxws"
	xsi:schemaLocation="http://cxf.apache.org/jaxws http://cxf.apache.org/schemas/jaxws.xsd
		http://www.springframework.org/schema/beans http://www.springframework.org/schema/beans/spring-beans.xsd">

	<import resource="classpath:META-INF/cxf/cxf.xml" />
	<bean id="passwordCBHandler"
		class="com.makemytrip.sec.handler.PasswordCBHandler" />

	<jaxws:client id="jetAirwaysEnquirePort"
		serviceClass="com.jetairways.enquiry.service.JetAirwaysEnquiryEndpoint"
		address="http://localhost:8081/JetAirways/services/enquiryEndpoint">
		<jaxws:outInterceptors>
			<bean
				class="org.apache.cxf.ws.security.wss4j.WSS4JOutInterceptor">
				<property name="properties">
					<map>
						<entry key="action" value="UsernameToken" />
						<entry key="password" value="passwordDigest" />
						<entry key="passwordCallbackRef"
							value-ref="passwordCBHandler" />
						<entry key="user" value="john" />
					</map>
				</property>
			</bean>
		</jaxws:outInterceptors>
	</jaxws:client>

	<bean id="jetAirwaysServiceEndpoint"
		class="com.makemytrip.enquiry.endpoints.JetAirwaysEnquiryServiceEndpoint">
		<property name="jetAirwaysEnquiryEndpoint"
			ref="jetAirwaysEnquirePort" />
	</bean>
</beans>
