<?xml version="1.0" encoding="UTF-8"?>
<purchase-order>
	<order-items>
		<item>
			<item-code>ic3</item-code>
			<quantity>49</quantity>
		</item>
		<item>
			<item-code>ic98</item-code>
			<quantity>4</quantity>
		</item>
	</order-items>
	<shipping-address>
		<address-line1>Racecourse street</address-line1>
		<address-line2>Near high court</address-line2>
		<city>banglore</city>
		<state>KN</state>
		<zip>94839</zip>
		<country>India</country>
	</shipping-address>
</purchase-order>