<?xml version="1.0"?>
<!DOCTYPE hibernate-mapping PUBLIC "-//Hibernate/Hibernate Mapping DTD 3.0//EN"
"http://hibernate.sourceforge.net/hibernate-mapping-3.0.dtd">
<hibernate-mapping package="com.otms.entities">
	<class name="Complaint" table="complaint">
		<id name="complaintNo" column="complaint_no">
			<generator class="increment" />
		</id>
		<property name="problem" />
		<property name="description" />
		<property name="loggedDate" column="logged_dt" />
	</class>
</hibernate-mapping>