<?xml version="1.0"?>
<!DOCTYPE hibernate-mapping PUBLIC "-//Hibernate/Hibernate Mapping DTD 3.0//EN"
"http://hibernate.sourceforge.net/hibernate-mapping-3.0.dtd">
<hibernate-mapping package="com.otms.entities">
	<class name="Customer" table="customer">
		<id name="customerNo" column="customer_no">
			<generator class="increment" />
		</id>
		<property name="firstName" column="first_nm" />
		<property name="lastName" column="last_nm" />
		<property name="mobileNo" column="mobile_no" />
		<property name="emailAddress" column="email_address" />
		<set name="complaints" cascade="delete-orphan">
			<key column="customer_no" not-null="false"/>
			<one-to-many class="Complaint" />
		</set>
	</class>
</hibernate-mapping>