<?xml version="1.0"?>
<!DOCTYPE hibernate-mapping PUBLIC "-//Hibernate/Hibernate Mapping DTD 3.0//EN"
"http://hibernate.sourceforge.net/hibernate-mapping-3.0.dtd">
<hibernate-mapping package="com.mtml.entities">
	<class name="MedicalCheckup" table="medical_checkup">
		<id name="medicalCheckupNo" column="medical_checkup_no">
			<generator class="increment" />
		</id>
		<property name="medicalCheckupName"
			column="medical_checkup_name" />
		<property name="description" />
		<property name="cost" />
	</class>
</hibernate-mapping>