<?xml version="1.0"?>
<!DOCTYPE hibernate-mapping PUBLIC "-//Hibernate/Hibernate Mapping DTD 3.0//EN"
"http://hibernate.sourceforge.net/hibernate-mapping-3.0.dtd">
<hibernate-mapping package="com.mtml.entities">
	<class name="Patient" table="patient">
		<id name="patientNo" column="patient_no">
			<generator class="increment" />
		</id>
		<property name="patientName" column="patient_nm" />
		<property name="age" />
		<property name="gender" />
		<property name="mobileNo" column="mobile_no" />
		<property name="emailAddress" column="email_address" />
		<list name="medicalChecks" table="patient_medicalchecks">
			<key column="patient_no" />
			<list-index column="test_conduction_order" base="1" />
			<many-to-many column="medical_checkup_no"
				class="MedicalCheckup" />
		</list>
	</class>
</hibernate-mapping>