<?xml version="1.0"?>
<!DOCTYPE hibernate-mapping PUBLIC "-//Hibernate/Hibernate Mapping DTD 3.0//EN"
"http://hibernate.sourceforge.net/hibernate-mapping-3.0.dtd">
<hibernate-mapping package="com.otmasoto.entities">
	<class name="DigitalCard" table="digital_card">
		<id name="digitalCardNo" column="digital_card_no">
			<generator class="increment" />
		</id>
		<property name="cardType" column="card_type" />
		<property name="subscription" />
		<property name="frequency" />
	</class>
</hibernate-mapping>