<?xml version="1.0"?>
<!DOCTYPE hibernate-mapping PUBLIC "-//Hibernate/Hibernate Mapping DTD 3.0//EN"
"http://hibernate.sourceforge.net/hibernate-mapping-3.0.dtd">
<hibernate-mapping package="com.otmasoto.entities">
	<class name="DTHBox" table="dth_box">
		<id name="dthBoxNo" column="dth_box_no">
			<generator class="increment" />
		</id>
		<property name="boxType" column="box_type" />
		<property name="manufacturer" />
		<property name="price" />
		<many-to-one name="digitalCard" class="DigitalCard"
			column="digital_card_no" unique="true" />
	</class>
</hibernate-mapping>