<?xml version="1.0" encoding="UTF-8"?>
<beans xmlns="http://www.springframework.org/schema/beans"
	xmlns:xsi="http://www.w3.org/2001/XMLSchema-instance"
	xsi:schemaLocation="http://www.springframework.org/schema/beans http://www.springframework.org/schema/beans/spring-beans.xsd">

	<bean id="account" class="com.pe.beans.Account">
		<property name="accountNo" value="3949" />
		<property name="accountName" value="steve" />
		<property name="accountImage"
			value="C:/apache-maven-3.2.5/README.txt" />
		<property name="dob" value="10/01/1980" />
		<property name="accountPage" value="http://www.google.co.in" />
		<property name="friends" value="smith,rose,john" />
	</bean>

</beans>
