<?xml version="1.0" encoding="UTF-8"?>
<beans xmlns="http://www.springframework.org/schema/beans"
	xmlns:xsi="http://www.w3.org/2001/XMLSchema-instance"
	xsi:schemaLocation="http://www.springframework.org/schema/beans http://www.springframework.org/schema/beans/spring-beans.xsd">

	<bean id="course1" class="com.collectionmerging.beans.Course">
		<property name="courseName" value="btech1yr1semcsc" />
		<property name="subjects">
			<list value-type="java.lang.String">
				<value>c</value>
				<value>d.s</value>
			</list>
		</property>
	</bean>
	<bean id="course2" class="com.collectionmerging.beans.Course"
		parent="course1">
		<property name="courseName" value="btech1yr1semece" />
		<property name="subjects">
			<list value-type="java.lang.String" merge="true">
				<value>e.d.c</value>
			</list>
		</property>
	</bean>

</beans>










