<?xml version="1.0" encoding="UTF-8"?>
<!DOCTYPE hibernate-configuration PUBLIC
		"-//Hibernate/Hibernate Configuration DTD 3.0//EN"
		"http://www.hibernate.org/dtd/hibernate-configuration-3.0.dtd">
<hibernate-configuration>
	<session-factory>
		<property name="connection.driver_class">com.mysql.jdbc.Driver</property>
		<property name="connection.url">jdbc:mysql://localhost:3306/after_sales_supports</property>
		<property name="connection.username">root</property>
		<property name="connection.password">root</property>

		<property name="hibernate.dialect">
			org.hibernate.dialect.MySQL5InnoDBDialect</property>
		<property name="show_sql">true</property>
		<property name="hbm2ddl.auto">update</property>

		<mapping class="com.ass.entities.Company" />
		<mapping class="com.ass.entities.ServiceCenter" />
		<mapping class="com.ass.entities.Product" />
		<mapping class="com.ass.entities.Customer" />
		<mapping class="com.ass.entities.Technician" />
		<mapping class="com.ass.entities.Complaint" />
		<mapping class="com.ass.entities.Workorder" />
		<!-- <mapping resource="com/ass/entities/Product.hbm.xml"/>
		<mapping resource="com/ass/entities/Complaint.hbm.xml"/> -->

	</session-factory>
</hibernate-configuration>













