<?xml version="1.0"?>
<!DOCTYPE hibernate-mapping PUBLIC "-//Hibernate/Hibernate Mapping DTD 3.0//EN"
"http://hibernate.sourceforge.net/hibernate-mapping-3.0.dtd">
<hibernate-mapping package="com.oto.entities">
	<class name="Warranty" table="warranty">
		<id name="productNo" column="product_no">
			<generator class="foreign">	
				<param name="property">product</param>
			</generator>
		</id>
		<property name="purchaseDate" column="purchase_dt"/>
		<property name="manufacturerName" column="manufacturer_nm"/>
		<property name="warrantyYears" column="warranty_years"/>
		<one-to-one name="product" class="Product"/>
	</class>
</hibernate-mapping>