<?xml version="1.0" encoding="UTF-8"?>
<!DOCTYPE gaming-zone SYSTEM "D:\work\master\webservices\20180907\any-content.dtd">
<gaming-zone>
	<token>
		<token-no>1</token-no>
		<token-issued-date>12/10/2018</token-issued-date>
		<amount>50</amount>
		<game>
			<hill-climbing>
				<description></description>
				<age-limit></age-limit>
				<time-limit></time-limit>
			</hill-climbing>
		</game>
	</token>
	<token>
		<token-no></token-no>
		<token-issued-date></token-issued-date>
		<amount></amount>
		<game>
			<video-game>
				<description></description>
				<age-limit></age-limit>
			</video-game>
		</game>
	</token>
</gaming-zone>
