<?xml version="1.0" encoding="UTF-8"?>
<!DOCTYPE tata-aig SYSTEM "D:\work\master\webservices\20180907\insurance.dtd">
<tata-aig>
	<insurance-plans>
		<insurance-plan plan-no="tagip001" plan-type="medical">
			<plan-name>ayushmanbhava</plan-name>
			<description>health insurance plan</description>
			<min-tenure>36</min-tenure>
			<min-age>18</min-age>
			<max-age>65</max-age>
			<benefits>all benefits</benefits>
		</insurance-plan>
		<insurance-plan plan-no="tagip002">
			<plan-name>abhaya gold</plan-name>
			<description>health plus plan</description>
			<min-tenure>48</min-tenure>
			<min-age>12</min-age>
			<max-age>60</max-age>
			<benefits>health plus benefits</benefits>
		</insurance-plan>
	</insurance-plans>
	<policy-holders>
		<member member-no="tagmn001" reference-plan-no="tagip001" nominee="1siri">
			<unique-identity>ad93840</unique-identity>
			<unique-identity-type>aadhar</unique-identity-type>
			<full-name>Steve</full-name>
			<dob>10/01/1980</dob>
			<gender>Male</gender>
			<mobile>03940380</mobile>
			<email-address>steve@gmail.com</email-address>
		</member>
		<member member-no="tagmn002" reference-plan-no="tagip001">
			<unique-identity>v0390</unique-identity>
			<unique-identity-type>voter identity</unique-identity-type>
			<full-name>marinda</full-name>
			<dob>01/01/1982</dob>
			<gender>Female</gender>
			<mobile>99393949</mobile>
			<email-address>marinda@gmail.com</email-address>
		</member>
	</policy-holders>
</tata-aig>
