<?xml version="1.0" encoding="UTF-8"?>
<!DOCTYPE purchase-order SYSTEM "D:\work\master\webservices\20180907\po.dtd">
<purchase-order>
	<order-items>
		<item>
			<item-code>ic03</item-code>
			<quantity>abc</quantity>
		</item>
		<item>
			<item-code>ic02</item-code>
			<quantity>06</quantity>
		</item>
	</order-items>
	<shipping-address address-type="temporary">
		<address-line1>505, 5th floor</address-line1>
		<address-line2>Mithrivanam</address-line2>
		<city>hyderabad</city>
		<state>ts</state>
		<zip>94849</zip>
		<country>India</country>
	</shipping-address>
</purchase-order>
