<?xml version="1.0" encoding="UTF-8"?>
<!DOCTYPE bill-desk SYSTEM "D:\work\master\webservices\20180907\sales.dtd">
<bill-desk>
	<bill-desk-no>101</bill-desk-no>
	<attendent-name>suresh</attendent-name>
	<sales>
		<order order-no="o20">
			<customer-name>satish</customer-name>
			<mobile>998944</mobile>
			<products>
			<fashion>
					<fashion-product-no>ff001</fashion-product-no>
					<fashion-product-type>trouser</fashion-product-type>
					<quantity>1</quantity>
				</fashion>
				
				
			</products>
			<total-bill-amount>1000</total-bill-amount>
			<discount>0</discount>
			<payable-amount>1000</payable-amount>
			<payment-info>
				
				<card>
					<card-no>9394-3949-4929-2929</card-no>
					<bank-name>icici bank</bank-name>
					<card-holder-name>suresh babu</card-holder-name>
				</card>
			</payment-info>
		</order>
	</sales>
</bill-desk>
