<?xml version="1.0" encoding="UTF-8"?>
<beans xmlns="http://www.springframework.org/schema/beans"
	xmlns:xsi="http://www.w3.org/2001/XMLSchema-instance"
	xmlns:context="http://www.springframework.org/schema/context"
	xsi:schemaLocation="http://www.springframework.org/schema/beans http://www.springframework.org/schema/beans/spring-beans.xsd
		http://www.springframework.org/schema/context http://www.springframework.org/schema/context/spring-context-3.0.xsd">

	<!-- <bean id="robot" class="com.annotation.autowired.Robot" /> -->

	<bean id="amdChip" class="com.annotation.autowired.Chip">
		<property name="id" value="3" />
		<property name="chipType" value="amd64" />
	</bean>
	<bean id="intelChip" class="com.annotation.autowired.Chip">
		<property name="id" value="4" />
		<property name="chipType" value="intel64" />
	</bean>

	<bean id="sensor" class="com.annotation.autowired.Sensor">
		<property name="id" value="4" />
		<property name="sensorType" value="thermal" />
	</bean>
	<context:component-scan base-package="com.annotation.autowired" />
</beans>
