<?xml version="1.0"?>
<!DOCTYPE hibernate-mapping PUBLIC "-//Hibernate/Hibernate Mapping DTD 3.0//EN"
"http://hibernate.sourceforge.net/hibernate-mapping-3.0.dtd">
<hibernate-mapping package="com.inverse.entities">
	<class name="Member" table="member">
		<id name="memberNo" column="member_no">
			<generator class="increment" />
		</id>
		<property name="memberName" column="member_nm" />
		<property name="age" />
		<property name="gender" />
		<set name="policies" inverse="true">
			<key column="member_no" />
			<one-to-many class="Policy" />
		</set>
	</class>
</hibernate-mapping>