<?xml version="1.0"?>
<!DOCTYPE hibernate-mapping PUBLIC "-//Hibernate/Hibernate Mapping DTD 3.0//EN"
"http://hibernate.sourceforge.net/hibernate-mapping-3.0.dtd">
<hibernate-mapping package="com.inverse.entities">
	<class name="Policy" table="policy">
		<id name="policyNo" column="policy_no">
			<generator class="increment" />
		</id>
		<property name="planName" column="plan_nm" />
		<property name="issuedDate" column="issued_dt" />
		<property name="insurredYears" column="insurred_years" />
		<property name="sumInsurred" column="sum_insurred" />
		<many-to-one name="member" column="member_no"
			class="Member" not-null="false" />
	</class>
</hibernate-mapping>