<?xml version="1.0" encoding="UTF-8"?>
<!DOCTYPE hibernate-configuration PUBLIC
		"-//Hibernate/Hibernate Configuration DTD 3.0//EN"
		"http://www.hibernate.org/dtd/hibernate-configuration-3.0.dtd">
<hibernate-configuration>
	<session-factory>
		<property name="connection.datasource">java:/afterSalesSupportDataSource</property>
		<property name="hibernate.hbm2ddl.auto">update</property>
		<property name="show_sql">true</property>
		<property name="hibernate.dialect">org.hibernate.dialect.MySQL5InnoDBDialect</property>
		<property name="hibernate.transaction.coordinator_class">jta</property>
		<property name="hibernate.transaction.jta.platform">org.hibernate.engine.transaction.jta.platform.internal.JBossAppServerJtaPlatform</property>
		<mapping class="com.gt.entities.Technician" />
	</session-factory>
</hibernate-configuration>