<?xml version="1.0" encoding="UTF-8"?>
<beans xmlns="http://www.springframework.org/schema/beans"
	xmlns:xsi="http://www.w3.org/2001/XMLSchema-instance"
	xsi:schemaLocation="http://www.springframework.org/schema/beans http://www.springframework.org/schema/beans/spring-beans.xsd">

	<bean id="motor" class="com.dependencycheck.beans.Motor"
		dependency-check="all">
		<property name="motorNo" value="39" />
		<property name="direction" value="north-west" />
		<property name="motorType" value="Lift-Irrigation" />
		<property name="power" value="1000" />
		<property name="motorSwitch" ref="switch"/>
	</bean>

	<bean id="switch" class="com.dependencycheck.beans.Switch"
		dependency-check="simple">
		<property name="automaticMode" value="true" />
		<property name="maxCapacity" value="1200" />
	</bean>

</beans>
