<?xml version="1.0" encoding="UTF-8"?>
<beans xmlns="http://www.springframework.org/schema/beans"
	xmlns:xsi="http://www.w3.org/2001/XMLSchema-instance"
	xmlns:aop="http://www.springframework.org/schema/aop"
	xsi:schemaLocation="http://www.springframework.org/schema/beans http://www.springframework.org/schema/beans/spring-beans.xsd
		http://www.springframework.org/schema/aop http://www.springframework.org/schema/aop/spring-aop-4.1.xsd">

	<bean id="thrower" class="com.ta.beans.Thrower" />
	<bean id="exceptionLoggingAspect"
		class="com.ta.aspect.ExceptionLoggingAspect" />

	<aop:config>
		<aop:pointcut expression="within(com.ta.beans.*)"
			id="exceptionLoggingPointcut" />
		<aop:aspect ref="exceptionLoggingAspect">
			<aop:after-throwing method="logException"
				pointcut-ref="exceptionLoggingPointcut" throwing="iae" />
		</aop:aspect>
	</aop:config>

</beans>
