<?xml version="1.0" encoding="UTF-8"?>
<beans xmlns="http://www.springframework.org/schema/beans"
	xmlns:xsi="http://www.w3.org/2001/XMLSchema-instance"
	xmlns:jaxws="http://cxf.apache.org/jaxws"
	xsi:schemaLocation="http://cxf.apache.org/jaxws http://cxf.apache.org/schemas/jaxws.xsd
		http://www.springframework.org/schema/beans http://www.springframework.org/schema/beans/spring-beans.xsd">

	<import resource="classpath:META-INF/cxf/cxf.xml" />

	<bean id="passwordCBHandler"
		class="com.jetairways.enquiry.sec.handler.PasswordCBHandler" />

	<jaxws:endpoint id="jetAirwaysEnquirySOAPEndpoint"
		address="/enquiryEndpoint"
		implementor="com.jetairways.enquiry.service.JetAirwaysEnquiryEndpointImpl">
		<jaxws:inInterceptors>
			<bean
				class="org.apache.cxf.ws.security.wss4j.WSS4JInInterceptor">
				<property name="properties">
					<map>
						<entry key="action" value="UsernameToken" />
						<entry key="passwordType" value="passwordText" />
						<entry key="passwordCallbackRef"
							value-ref="passwordCBHandler" />
					</map>
				</property>
			</bean>
		</jaxws:inInterceptors>
	</jaxws:endpoint>
</beans>















