<?xml version="1.0" encoding="UTF-8"?>
<beans xmlns="http://www.springframework.org/schema/beans"
	xmlns:xsi="http://www.w3.org/2001/XMLSchema-instance"
	xmlns:util="http://www.springframework.org/schema/util"
	xsi:schemaLocation="http://www.springframework.org/schema/beans http://www.springframework.org/schema/beans/spring-beans.xsd
		http://www.springframework.org/schema/util http://www.springframework.org/schema/util/spring-util-3.0.xsd">

	<bean id="team" class="com.cdi.beans.Team">
		<property name="projectName"
			value="Incident Management System" />
		<constructor-arg ref="tasks" />
		<property name="members" ref="members" />
		<property name="assignedTasks">
			<props>
				<prop key="Susan">Add Incident Type to an Incident</prop>
			</props>
		</property>
	</bean>

	<util:set id="tasks" set-class="java.util.HashSet"
		value-type="java.lang.String">
		<value>Add Incident Type to an Incident</value>
		<value>Description is mandatory</value>
	</util:set>
	<util:list id="members" list-class="java.util.Vector"
		value-type="java.lang.String">
		<value>Susan</value>
		<value>Smith</value>
		<value>Stone</value>
	</util:list>
</beans>












