<?xml version="1.0" encoding="UTF-8"?>
<web-app xmlns:xsi="http://www.w3.org/2001/XMLSchema-instance"
	xmlns="http://xmlns.jcp.org/xml/ns/javaee"
	xsi:schemaLocation="http://xmlns.jcp.org/xml/ns/javaee http://xmlns.jcp.org/xml/ns/javaee/web-app_4_0.xsd"
	id="WebApp_ID" version="4.0">
	<display-name>JerseyBootstrap</display-name>
	<!-- Bootstrap#1 -->
	<!-- <servlet>
		<servlet-name>jersey</servlet-name>
		<servlet-class>org.glassfish.jersey.servlet.ServletContainer</servlet-class>
		<init-param>
			<param-name>jersey.config.server.provider.packages</param-name>
			<param-value>com.jbs.resource</param-value>
		</init-param>
		<load-on-startup>1</load-on-startup>
	</servlet>
	<servlet-mapping>
		<servlet-name>jersey</servlet-name>
		<url-pattern>/services/*</url-pattern>
	</servlet-mapping> -->
	
	<!-- Bootstrap#2 -->
	<!-- <servlet>
		<servlet-name>jersey</servlet-name>
		<servlet-class>org.glassfish.jersey.servlet.ServletContainer</servlet-class>
		<init-param>
			<param-name>jersey.config.server.provider.classnames</param-name>
			<param-value>com.jbs.resource.PayTMMall</param-value>
		</init-param>
		<load-on-startup>1</load-on-startup>
	</servlet>
	<servlet-mapping>
		<servlet-name>jersey</servlet-name>
		<url-pattern>/services/*</url-pattern>
	</servlet-mapping> -->
	
	<!-- Bootstrap#3 -->
	<servlet>
		<servlet-name>jersey</servlet-name>
		<servlet-class>org.glassfish.jersey.servlet.ServletContainer</servlet-class>
		<init-param>
			<param-name>javax.ws.rs.Application</param-name>
			<param-value>com.jbs.config.PayTMMallApplication</param-value>
		</init-param>
		<load-on-startup>1</load-on-startup>
	</servlet>
	<servlet-mapping>
		<servlet-name>jersey</servlet-name>
		<url-pattern>/services/*</url-pattern>
	</servlet-mapping>
</web-app>





















