<?xml version="1.0" encoding="UTF-8"?>
<web-app xmlns:xsi="http://www.w3.org/2001/XMLSchema-instance"
	xmlns="http://xmlns.jcp.org/xml/ns/javaee"
	xsi:schemaLocation="http://xmlns.jcp.org/xml/ns/javaee http://xmlns.jcp.org/xml/ns/javaee/web-app_4_0.xsd"
	id="WebApp_ID" version="4.0">
	<display-name>JerseyBootstrap</display-name>
	<!-- Bootstrap#5 -->
	<!-- <servlet>
		<servlet-name>com.jbs.config.PayTMMallApplication</servlet-name>
	</servlet>
	<servlet-mapping>
		<servlet-name>com.jbs.config.PayTMMallApplication</servlet-name>
		<url-pattern>/services/*</url-pattern>
	</servlet-mapping> -->

	<!-- Bootstrap#6 -->
	<servlet>
		<servlet-name>javax.ws.rs.core.Application</servlet-name>
	</servlet>
	<servlet-mapping>
		<servlet-name>javax.ws.rs.core.Application</servlet-name>
		<url-pattern>/services/*</url-pattern>
	</servlet-mapping>	
	
</web-app>
























