<?xml version="1.0" encoding="UTF-8"?>
<beans xmlns="http://www.springframework.org/schema/beans"
	xmlns:xsi="http://www.w3.org/2001/XMLSchema-instance"
	xsi:schemaLocation="http://www.springframework.org/schema/beans http://www.springframework.org/schema/beans/spring-beans.xsd">

	<bean id="dataSource"
		class="org.springframework.jdbc.datasource.DriverManagerDataSource">
		<property name="driverClassName"
			value="com.mysql.jdbc.Driver" />
		<property name="url"
			value="jdbc:mysql://localhost:3306/mygate" />
		<property name="username" value="root" />
		<property name="password" value="root" />
	</bean>


	<bean id="jdbcTemplate"
		class="org.springframework.jdbc.core.JdbcTemplate">
		<property name="dataSource" ref="dataSource" />
	</bean>

	<bean id="blockDao" class="com.ca.dao.BlockDao">
		<constructor-arg ref="jdbcTemplate" />
	</bean>

	<bean id="flatDao" class="com.ca.dao.FlatDao">
		<constructor-arg ref="jdbcTemplate" />
	</bean>

</beans>


















