<?xml version="1.0" encoding="UTF-8"?>
<beans xmlns="http://www.springframework.org/schema/beans"
	xmlns:xsi="http://www.w3.org/2001/XMLSchema-instance"
	xmlns:aop="http://www.springframework.org/schema/aop"
	xsi:schemaLocation="http://www.springframework.org/schema/beans http://www.springframework.org/schema/beans/spring-beans.xsd
		http://www.springframework.org/schema/aop http://www.springframework.org/schema/aop/spring-aop-4.1.xsd">

	<bean id="securityHelper"
		class="com.mba.security.helper.SecurityHelper"
		factory-method="getInstance" />

	<bean id="loanManager" class="com.mba.beans.LoanManager" />

	<bean id="securityAspect" class="com.mba.aspect.SecurityAspect">
		<property name="securityHelper" ref="securityHelper" />
	</bean>

	<aop:config>
		<aop:pointcut
			expression="execution(* com.mba.beans.*.*(..))" id="securityPointcut" />
		<aop:aspect ref="securityAspect">
			<aop:before method="audit" pointcut-ref="securityPointcut" />
			<aop:before method="checkAuthentication"
				pointcut-ref="securityPointcut" />
		</aop:aspect>
	</aop:config>

</beans>






















