<?xml version="1.0" encoding="UTF-8"?>
<!DOCTYPE hibernate-configuration PUBLIC
		"-//Hibernate/Hibernate Configuration DTD 3.0//EN"
		"http://www.hibernate.org/dtd/hibernate-configuration-3.0.dtd">
<hibernate-configuration>
	<session-factory>
		<property name="connection.driver_class">com.mysql.jdbc.Driver</property>
		<property name="connection.url">jdbc:mysql://localhost:3306/support</property>
		<property name="connection.username">root</property>
		<property name="connection.password">root</property>

		<property name="hibernate.dialect">
			org.hibernate.dialect.MySQL5InnoDBDialect</property>
		<property name="show_sql">true</property>
		<property name="hbm2ddl.auto">update</property>

		<!-- <mapping resource="com/inverse/entities/Member.hbm.xml" />
		<mapping resource="com/inverse/entities/Policy.hbm.xml" /> -->
		<mapping class="com.inverse.entities.Member"/>
		<mapping class="com.inverse.entities.Policy"/>

	</session-factory>
</hibernate-configuration>













