<?xml version="1.0" encoding="UTF-8"?>
<beans xmlns="http://www.springframework.org/schema/beans"
	xmlns:xsi="http://www.w3.org/2001/XMLSchema-instance"
	xsi:schemaLocation="http://www.springframework.org/schema/beans http://www.springframework.org/schema/beans/spring-beans.xsd">

	<bean id="officeAddress" class="com.pdi.beans.Address">
		<property name="addressLine1" value="Green Park" />
		<property name="addressLine2" value="Court Street" />
		<property name="city" value="banglore" />
		<property name="state" value="karnataka" />
		<property name="zip" value="30305" />
		<property name="country" value="India" />
	</bean>

</beans>
