<?xml version="1.0"?>
<!DOCTYPE hibernate-mapping PUBLIC "-//Hibernate/Hibernate Mapping DTD 3.0//EN"
"http://hibernate.sourceforge.net/hibernate-mapping-3.0.dtd">
<hibernate-mapping package="com.mtmbi.entities">
	<class name="Ticket" table="ticket">
		<id name="ticketNo" column="ticket_no">
			<generator class="increment" />
		</id>
		<property name="source" />
		<property name="destination" />
		<property name="bookedDate" column="booked_dt" />
		<property name="journeyDate" column="journey_dt" />
		<property name="amount" />
		<set name="passengers" table="ticket_passengers">
			<key column="ticket_no" />
			<many-to-many column="passenger_no" class="Passenger" />
		</set>
	</class>

</hibernate-mapping>