<?xml version="1.0"?>
<!DOCTYPE hibernate-mapping PUBLIC "-//Hibernate/Hibernate Mapping DTD 3.0//EN"
"http://hibernate.sourceforge.net/hibernate-mapping-3.0.dtd">
<hibernate-mapping package="com.ass.entities">
	<class name="Complaint" table="complaint">
		<id name="complaintNo" column="complaint_no">
			<generator class="increment"/>
		</id>
		<property name="complaintTitle" column="complaint_title"/>
		<property name="description"/>
		<property name="reportedDate" column="reported_dt"/>
		<property name="estimatedCompletionDate" column="estimated_completion_dt"/>
		<property name="estimatedCost" column="estimated_cost"/>
		<property name="status"/>
		<property name="priority"/>
	</class>
</hibernate-mapping>