<?xml version="1.0"?>
<!DOCTYPE hibernate-mapping PUBLIC "-//Hibernate/Hibernate Mapping DTD 3.0//EN"
"http://hibernate.sourceforge.net/hibernate-mapping-3.0.dtd">
<hibernate-mapping package="com.ass.entities">
	<class name="Product" table="product">
		<id name="productNo" column="product_no">
			<generator class="increment"/>
		</id>
		<property name="productName" column="product_nm"/>
		<property name="description"/>
		<property name="purchaseDate" column="purchase_dt"/>
		<property name="serialNo" column="serial_no"/>
		<property name="tagNo" column="tag_no"/>
		
		<set name="complaints">
			<key column="product_no"/>
			<one-to-many class="Complaint"/>			
		</set>
	</class>
</hibernate-mapping>














