<?xml version="1.0"?>
<!DOCTYPE hibernate-mapping PUBLIC "-//Hibernate/Hibernate Mapping DTD 3.0//EN"
"http://hibernate.sourceforge.net/hibernate-mapping-3.0.dtd">
<hibernate-mapping package="com.dmlop.entities">
	<class name="Owner" table="owner">
		<id name="ownerNo" column="owner_no" unsaved-value="0">
			<generator class="increment" />
		</id>
		<!-- <timestamp name="createdDate" column="created_dt"/> -->
		<version name="ownerVersion" column="owner_version"/>
		<property name="firstName" column="first_nm" />
		<property name="lastName" column="last_nm" />
		<property name="gender" />
		<property name="dob" />
		<property name="mobileNo" column="mobile_no" />
		<property name="emailAddress" column="email_address" />
	</class>
</hibernate-mapping>