<?xml version="1.0" encoding="UTF-8"?>
<beans xmlns="http://www.springframework.org/schema/beans"
	xmlns:xsi="http://www.w3.org/2001/XMLSchema-instance"
	xsi:schemaLocation="http://www.springframework.org/schema/beans http://www.springframework.org/schema/beans/spring-beans.xsd">

	<bean id="dataSource"
		class="org.springframework.jdbc.datasource.DriverManagerDataSource">
		<property name="driverClassName"
			value="#{db.driverClassname}" />
		<property name="url" value="#{db.url}" />
		<property name="username" value="#{db.username}" />
		<property name="password" value="#{db.password}" />
	</bean>

	<bean id="jdbcTemplate"
		class="org.springframework.jdbc.core.JdbcTemplate">
		<property name="dataSource" ref="dataSource" />
	</bean>

	<bean id="customerDao" class="com.eel.dao.CustomerDao">
		<constructor-arg ref="jdbcTemplate" />
	</bean>

</beans>














