<?xml version="1.0" encoding="UTF-8"?>
<!DOCTYPE tiles-definitions PUBLIC "-//Apache Software Foundation//DTD Tiles Configuration 3.0//EN" "http://tiles.apache.org/dtds/tiles-config_3_0.dtd">
<tiles-definitions>
	<definition name="drivez.full.page.base.template"
		template="/WEB-INF/templates/drivez-full-page-template.jsp">
		<put-attribute name="pageTitle" value="drivez" />
		<put-attribute name="header"
			value="/WEB-INF/common/header.jsp" />
		<put-attribute name="footer"
			value="/WEB-INF/common/footer.jsp" />
	</definition>

	<definition name="drivez.left.panel.base.template"
		template="/WEB-INF/templates/drivez-left-panel-template.jsp">
		<put-attribute name="pageTitle" value="drivez" />
		<put-attribute name="header"
			value="/WEB-INF/common/header.jsp" />
		<put-attribute name="left-panel"
			value="/WEB-INF/common/left-panel.jsp" />
		<put-attribute name="footer"
			value="/WEB-INF/common/footer.jsp" />
	</definition>

	<definition name="rider-home"
		extends="drivez.full.page.base.template">
		<put-attribute name="pageTitle" value="Riders" />
		<put-attribute name="content"
			value="/WEB-INF/webpages/rider-home.jsp" />
	</definition>
	
	<definition name="products"
		extends="drivez.left.panel.base.template">
		<put-attribute name="pageTitle" value="Product Detail" />
		<put-attribute name="content"
			value="/WEB-INF/webpages/products.jsp" />
	</definition>
	
	<definition name="rider-demographic-register"
		extends="drivez.full.page.base.template">
		<put-attribute name="pageTitle" value="Rider Registration" />
		<put-attribute name="content"
			value="/WEB-INF/webpages/rider-demographic-register.jsp" />
	</definition>
	<definition name="rider-address-register"
		extends="drivez.full.page.base.template">
		<put-attribute name="pageTitle" value="Rider Registration" />
		<put-attribute name="content"
			value="/WEB-INF/webpages/rider-address-register.jsp" />
	</definition>
	<definition name="verify-otp"
		extends="drivez.full.page.base.template">
		<put-attribute name="pageTitle" value="Otp Verification" />
		<put-attribute name="content"
			value="/WEB-INF/webpages/verify-otp.jsp" />
	</definition>
	<definition name="otp-verified"
		extends="drivez.full.page.base.template">
		<put-attribute name="pageTitle" value="Otp Verification" />
		<put-attribute name="content"
			value="/WEB-INF/webpages/otp-verified.jsp" />
	</definition>
	
	<definition name="account-verified-error"
		extends="drivez.full.page.base.template">
		<put-attribute name="pageTitle" value="Account Verification Failed " />
		<put-attribute name="content"
			value="/WEB-INF/webpages/account-verified-error.jsp" />
	</definition>
	
	<definition name="email-verified"
		extends="drivez.full.page.base.template">
		<put-attribute name="pageTitle" value="Otp Verification" />
		<put-attribute name="content"
			value="/WEB-INF/webpages/email-verified.jsp" />
	</definition>
	<definition name="login"
		extends="drivez.full.page.base.template">
		<put-attribute name="pageTitle" value="login" />
		<put-attribute name="content"
			value="/WEB-INF/webpages/login.jsp" />
	</definition>
	<definition name="check-out"
		extends="drivez.full.page.base.template">
		<put-attribute name="pageTitle" value="Check Out" />
		<put-attribute name="content"
			value="/WEB-INF/webpages/check-out.jsp" />
	</definition>
	<definition name="redirect-paytm"
		extends="drivez.full.page.base.template">
		<put-attribute name="pageTitle" value="redirect paytm" />
		<put-attribute name="content"
			value="/WEB-INF/webpages/redirect-paytm.jsp" />
	</definition>
	<definition name="vehicle-booked"
		extends="drivez.full.page.base.template">
		<put-attribute name="pageTitle" value="Booking Success" />
		<put-attribute name="content"
			value="/WEB-INF/webpages/vehicle-booked.jsp" />
	</definition>
	<definition name="payment-error"
		extends="drivez.full.page.base.template">
		<put-attribute name="pageTitle" value="Booking Failed" />
		<put-attribute name="content"
			value="/WEB-INF/webpages/payment-error.jsp" />
	</definition>
</tiles-definitions>










