<?xml version="1.0" encoding="UTF-8"?>
<et:tracking xmlns:xsi="http://www.w3.org/2001/XMLSchema-instance" xsi:schemaLocation="http://www.ebay.in/sales/tracking file:///D:/work/master/webservices/20180907/xsd/namespaces/include/tracking.xsd" xmlns:et="http://www.ebay.in/sales/tracking">
	<order>
		<order-no>939</order-no>
		<ordered-date>2018-10-01</ordered-date>
	</order>
	<et:order-status>
		<products>
			<product>
				<product-no>939</product-no>
				<product-name>echo</product-name>
				<delivery-status>in-transit</delivery-status>
			</product>
		</products>
	</et:order-status>
</et:tracking>