<?xml version="1.0"?>
<!DOCTYPE hibernate-mapping PUBLIC "-//Hibernate/Hibernate Mapping DTD 3.0//EN"
"http://hibernate.sourceforge.net/hibernate-mapping-3.0.dtd">
<hibernate-mapping package="com.otmasotobi.entities">
	<class name="Account" table="account">
		<id name="accountNo" column="account_no">
			<generator class="increment" />
		</id>
		<property name="memberName" column="member_nm" />
		<property name="registeredMobileNo"
			column="registered_mobile_no" />
		<property name="emailAddress" column="email_address" />

		<set name="emergencyContacts" inverse="true">
			<key column="account_no" unique="true" not-null="true" />
			<one-to-many class="EmergencyContact" />
		</set>
	</class>
</hibernate-mapping>