<?xml version="1.0"?>
<!DOCTYPE hibernate-mapping PUBLIC "-//Hibernate/Hibernate Mapping DTD 3.0//EN"
"http://hibernate.sourceforge.net/hibernate-mapping-3.0.dtd">
<hibernate-mapping package="com.otmasotobi.entities">
	<class name="EmergencyContact" table="emergency_contact">
		<id name="emergencyContactNo" column="emergency_contact_no">
			<generator class="increment" />
		</id>
		<property name="contactName" column="contact_nm" />
		<property name="relationShip" column="relation_ship" />
		<property name="mobileNo" column="mobile_no" />

		<many-to-one column="account_no" name="account"
			class="Account" unique="true" not-null="true" />
	</class>
</hibernate-mapping>