<?xml version="1.0" encoding="UTF-8"?>
<account-deposit xmlns:xsi="http://www.w3.org/2001/XMLSchema-instance" xsi:noNamespaceSchemaLocation="file:///D:/work/master/webservices/20180907/xsd/account.xsd">
	<account-no>ab0393</account-no>
	<account-type>savings</account-type>
	<account-holder-name>rakesh</account-holder-name>
	<deposit-date>2018-10-24</deposit-date>
	<deposit-details>
		<check>
			<check-no>ch039</check-no>
			<check-issued-name>ravi</check-issued-name>
			<bank-name>icicibank</bank-name>
		</check>
		<denomination value="10">20</denomination>
		<check>
			<check-no>ch939</check-no>
			<check-issued-name>ravi</check-issued-name>
			<bank-name>icicibank</bank-name>
		</check>
		<check>
			<check-no>cj939</check-no>
			<check-issued-name>ravi</check-issued-name>
			<bank-name>icicibank</bank-name>
		</check>
		<denomination value="2000">200</denomination>
	</deposit-details>
</account-deposit>
