<?xml version="1.0" encoding="UTF-8"?>
<book xmlns:xsi="http://www.w3.org/2001/XMLSchema-instance" xsi:noNamespaceSchemaLocation="file:///D:/work/master/webservices/20180907/xsd/book.xsd">
	<isbn>isbn39</isbn>
	<title>perls in c</title>
	<author>
		<author-name>yaswanth</author-name>
		<dob>1980-01-01</dob>
		<no-of-titles>1</no-of-titles>
	</author>
	<publisher>
		<publisher-name>wrox</publisher-name>
		<est-date>1975-01-03</est-date>
		<no-of-titles>1</no-of-titles>
	</publisher>
</book>
