<?xml version="1.0" encoding="UTF-8"?>
<consignment xmlns:xsi="http://www.w3.org/2001/XMLSchema-instance" xsi:noNamespaceSchemaLocation="file:///D:/work/master/webservices/20180907/xsd/consignment.xsd">
	<booking-info>
		<awb-no>awb2003</awb-no>
		<booking-type>express</booking-type>
		<booking-date>2018-10-24</booking-date>
		<amount>393</amount>
		<from>
			<person-name>smith</person-name>
			<mobile-nbr>930494084</mobile-nbr>
			<address>
				<address-line1>green park</address-line1>
				<address-line2>lal banglow</address-line2>
				<city>hyderbad</city>
				<state>ts</state>
				<zip>3004</zip>
				<country timezone="IST">India</country>
			</address>
		</from>
		<to>
			<person-name>susan</person-name>
			<mobile-nbr>939849493</mobile-nbr>
			<address address-type="primary">
				<address-line1>Garden Street</address-line1>
				<address-line2>Near race court</address-line2>
				<city>banglore</city>
				<state>KN</state>
				<zip>49049</zip>
				<country timezone="IST">India</country>
			</address>
		</to>
	</booking-info>
	<consignment-info>
		<description>General Products</description>
		<weight>12.3</weight>
		<additional-notes>n/a</additional-notes>
	</consignment-info>
</consignment>
