<?xml version="1.0" encoding="UTF-8"?>
<travel-ticket xmlns:xsi="http://www.w3.org/2001/XMLSchema-instance" xsi:noNamespaceSchemaLocation="file:///D:/work/master/webservices/20180907/xsd/make-my-trip.xsd">
	<train-ticket>
		<train-no>894</train-no>
		<source>hyderabad</source>
		<destination>banglore</destination>
		<journey-date>2019-02-28</journey-date>
		<amount>500</amount>
		<passengers>
			<passenger>
				<passenger-name>smith</passenger-name>
				<gender>Male</gender>
				<age>27</age>
				<identity-no>ab049</identity-no>
				<identity-type>aadhar</identity-type>
			</passenger>
		</passengers>
	</train-ticket>
	<bus-ticket>
		<bus-no>9394</bus-no>
		<service-no>s9384</service-no>
		<bus-provider-name>kesineni</bus-provider-name>
		<source>hyderabad</source>
		<destination>chennai</destination>
		<journey-date>2019-02-28</journey-date>
		<amount>600</amount>
		<ticket-details>
			<passenger-name>susan</passenger-name>
			<mobile-no>93048404</mobile-no>
			<seat-nos>l5</seat-nos>
		</ticket-details>
	</bus-ticket>
</travel-ticket>
