<?xml version="1.0" encoding="UTF-8"?>
<purchase-order xmlns:xsi="http://www.w3.org/2001/XMLSchema-instance" xsi:noNamespaceSchemaLocation="file:///D:/work/master/webservices/20180907/xsd/po.xsd">
	<order-items>
		<item>
			<item-code>ic03</item-code>
			<quantity>34</quantity>
		</item>
		<item>
			<item-code>ic31</item-code>
			<quantity>98</quantity>
		</item>
	</order-items>
	<shipping-address address-type="permanent">
		<address-line1 landmark="postoffice">505, 5th floor</address-line1>
		<address-line2>Mithrivanam</address-line2>
		<city>hyderabad</city>
		<state>ts</state>
		<zip>039380</zip>
		<country>India</country>
	</shipping-address>
	<us-shipping-address address-type="temporary">
		<address-line1 landmark="bsnloffice">afd</address-line1>
		<address-line2>adf</address-line2>
		<city>adf</city>
		<state>af</state>
		<zip>35312</zip>
		<country>asfd</country>
		<county>4</county>
	</us-shipping-address>
</purchase-order>
