<?xml version="1.0" encoding="UTF-8"?>
<ticket xmlns:xsi="http://www.w3.org/2001/XMLSchema-instance" xsi:noNamespaceSchemaLocation="file:///D:/work/master/webservices/20180907/xsd/ticket.xsd">
	<journey-details>
		<pnr-no>p938</pnr-no>
		<train-no>933</train-no>
		<source>hyderabad</source>
		<destination>banglore</destination>
		<journey-date>2019-02-01</journey-date>
	</journey-details>
	<passengers>
		<passenger>
			<age>39</age>
			<gender>Male</gender>
			<passenger-name>summer</passenger-name>
			
			<identity-info>
				<pan-card>
					<pancard-no>93903</pancard-no>
				</pan-card>
			</identity-info>
		</passenger>
	</passengers>
</ticket>
