<?xml version="1.0" encoding="UTF-8"?>
<train-running-status xmlns:xsi="http://www.w3.org/2001/XMLSchema-instance" xsi:noNamespaceSchemaLocation="file:///D:/work/master/webservices/20180907/xsd/train-status.xsd">
	<train-status>
		<train-no>9879</train-no>
		<train-name>Rajadhani Express</train-name>
		<source>hyderabad</source>
		<destination>delhi</destination>
		<train-started-date-and-time>2018-10-10</train-started-date-and-time>
		<running-status>
			<station>
				<position>last</position>
				<station-name>hyderabad</station-name>
				<status-date-and-time>2018-10-10</status-date-and-time>
			</station>
		</running-status>
	</train-status>
</train-running-status>
