<?xml version="1.0"?>
<!DOCTYPE hibernate-mapping PUBLIC "-//Hibernate/Hibernate Mapping DTD 3.0//EN"
"http://hibernate.sourceforge.net/hibernate-mapping-3.0.dtd">
<hibernate-mapping package="com.legacy.entities">
	<class name="Journey" table="journey">
		<id name="journeyNo" column="journey_no" />
		<property name="source" />
		<property name="destination" />
		<property name="journeyDate" column="journey_date" />
		<property name="estimatedHours" column="estimated_hours" />
		<property name="distanceInKms" column="distance_in_kms" />
		<property name="price" />
	</class>
</hibernate-mapping>