<?xml version="1.0"?>
<!DOCTYPE hibernate-mapping PUBLIC "-//Hibernate/Hibernate Mapping DTD 3.0//EN"
"http://hibernate.sourceforge.net/hibernate-mapping-3.0.dtd">
<hibernate-mapping package="com.otmm.entities">
	<class name="Account" table="account">
		<id name="accountNo" column="account_no">
			<generator class="increment" />
		</id>
		<property name="accountHolderName" column="account_holder_nm" />
		<property name="accountType" column="account_type" />
		<property name="branch" />
		<property name="creditLimit" column="credit_limit" />
		<property name="cashLimit" column="cash_limit" />

		<map name="issuedCards">
			<key column="account_no" not-null="false" />
			<map-key column="activation_code" type="string" length="40" />
			<one-to-many class="CreditCard" />
		</map>
	</class>
</hibernate-mapping>