<?xml version="1.0"?>
<!DOCTYPE hibernate-mapping PUBLIC "-//Hibernate/Hibernate Mapping DTD 3.0//EN"
"http://hibernate.sourceforge.net/hibernate-mapping-3.0.dtd">
<hibernate-mapping package="com.otmm.entities">
	<class name="CreditCard" table="credit_card">
		<id name="cardNo" column="card_no">
			<generator class="increment" />
		</id>
		<property name="creditCardNo" column="credit_card_no" />
		<property name="nameOnCard" column="name_on_card" />
		<property name="cardType" column="card_type" />
		<property name="issuedDate" column="issued_dt" />
		<property name="expiryDate" column="expiry_dt" />
		<property name="cvv" />
	</class>
</hibernate-mapping>