<?xml version="1.0" encoding="UTF-8"?>
<archetype-descriptor xsi:schemaLocation="http://maven.apache.org/plugins/maven-archetype-plugin/archetype-descriptor/1.0.0 http://maven.apache.org/xsd/archetype-descriptor-1.0.0.xsd" name="archetype-spring-mvcweb"
    xmlns="http://maven.apache.org/plugins/maven-archetype-plugin/archetype-descriptor/1.0.0"
    xmlns:xsi="http://www.w3.org/2001/XMLSchema-instance">
  <fileSets>
    <fileSet filtered="true" encoding="UTF-8">
      <directory>src/main/webapp</directory>
      <includes>
        <include>**/*.xml</include>
        <include>**/*.jsp</include>
      </includes>
    </fileSet>    
  </fileSets>
</archetype-descriptor>
