<?xml version="1.0" encoding="UTF-8"?>
<beans xmlns="http://www.springframework.org/schema/beans"
	xmlns:xsi="http://www.w3.org/2001/XMLSchema-instance"
	xsi:schemaLocation="http://www.springframework.org/schema/beans http://www.springframework.org/schema/beans/spring-beans.xsd">

	<bean id="cache" class="com.don.beans.Cache"
		factory-method="getInstance" />
	<bean id="interestRateAccessor"
		class="com.don.beans.InterestRateAccessorImpl">
		<constructor-arg value="interestRate" />
	</bean>
	<bean id="cacheManager" class="com.don.beans.CacheManager">
		<constructor-arg ref="cache" />
		<constructor-arg>
			<list value-type="com.don.beans.Accessor">
				<ref bean="interestRateAccessor" />
			</list>
		</constructor-arg>
	</bean>
	<bean id="pLoanCalculator"
		class="com.don.beans.PersonalLoanCalculator" depends-on="cacheManager">
		<property name="cache" ref="cache" />
	</bean>

</beans>
