<?xml version="1.0" encoding="UTF-8"?>
<beans xmlns="http://www.springframework.org/schema/beans"
	xmlns:xsi="http://www.w3.org/2001/XMLSchema-instance"
	xsi:schemaLocation="http://www.springframework.org/schema/beans http://www.springframework.org/schema/beans/spring-beans.xsd">

	<bean id="jet" class="com.ci.beans.Jet">
		<constructor-arg value="2000" type="int" />
	</bean>

	<bean id="house" class="com.ci.beans.House">
		<constructor-arg value="red" index="1" />
		<constructor-arg value="120.34" index="0" />
	</bean>

	<bean id="jetPro" class="com.ci.beans.JetPro">
		<constructor-arg value="Turbo" name="engineType" />
		<constructor-arg value="393.34" name="distance" />
		<constructor-arg value="39" name="fuelCapacity" />
	</bean>
</beans>



















