<?xml version="1.0"?>
<!DOCTYPE hibernate-mapping PUBLIC "-//Hibernate/Hibernate Mapping DTD 3.0//EN"
"http://hibernate.sourceforge.net/hibernate-mapping-3.0.dtd">
<!-- Generated 21 Dec, 2018 11:16:37 AM by Hibernate Tools 3.5.0.Final -->
<hibernate-mapping>
    <class name="com.ht.entities.Staff" table="STAFF">
        <id name="staffNo" type="int">
            <column name="STAFFNO" />
            <generator class="assigned" />
        </id>
        <property name="firstName" type="java.lang.String">
            <column name="FIRSTNAME" />
        </property>
        <property name="lastName" type="java.lang.String">
            <column name="LASTNAME" />
        </property>
        <property name="gender" type="java.lang.String">
            <column name="GENDER" />
        </property>
        <property name="age" type="int">
            <column name="AGE" />
        </property>
        <property name="designation" type="java.lang.String">
            <column name="DESIGNATION" />
        </property>
        <property name="department" type="java.lang.String">
            <column name="DEPARTMENT" />
        </property>
        <property name="experience" type="int">
            <column name="EXPERIENCE" />
        </property>
    </class>
</hibernate-mapping>
