<?xml version="1.0"?>
<!DOCTYPE hibernate-mapping PUBLIC "-//Hibernate/Hibernate Mapping DTD 3.0//EN"
"http://hibernate.sourceforge.net/hibernate-mapping-3.0.dtd">
<hibernate-mapping package="com.slc.entities">
	<class name="Branch" table="branch">
		<cache usage="read-write" />
		<id name="branchNo" column="branch_no">
			<generator class="identity" />
		</id>
		<property name="branchName" column="branch_nm" />
		<property name="ifscCode" column="ifsc_code" />
		<property name="addressLine1" column="address_line1" />
		<property name="city" />
		<property name="state" />
	</class>
</hibernate-mapping>