<?xml version="1.0"?>
<!DOCTYPE hibernate-mapping PUBLIC "-//Hibernate/Hibernate Mapping DTD 3.0//EN"
"http://hibernate.sourceforge.net/hibernate-mapping-3.0.dtd">
<hibernate-mapping package="com.otml.entities">
	<class name="Account" table="account">
		<id name="accountNo" column="account_no">
			<generator class="increment" />
		</id>
		<property name="accountHolderName" column="account_holder_nm" />
		<property name="subscribedPackage"
			column="subscribed_package" />
		<property name="accountType" column="account_type" />
		<property name="registeredMobileNo"
			column="registered_mobile_no" />
		<property name="emailAddress" column="email_address" />

		<list name="serviceRequests">
			<key column="account_no" not-null="false" />
			<list-index column="seq_no" base="1" />
			<one-to-many class="ServiceRequest" />
		</list>


	</class>
</hibernate-mapping>












