<?xml version="1.0"?>
<!DOCTYPE hibernate-mapping PUBLIC "-//Hibernate/Hibernate Mapping DTD 3.0//EN"
"http://hibernate.sourceforge.net/hibernate-mapping-3.0.dtd">
<hibernate-mapping package="com.otml.entities">
	<class name="ServiceRequest" table="service_request">
		<id name="requestNo" column="request_no">
			<generator class="increment" />
		</id>
		<property name="requestType" column="request_type" />
		<property name="requestedDate" column="requested_dt" />
		<property name="description" />
		<property name="status" />
	</class>
</hibernate-mapping>