<?xml version="1.0"?>
<!DOCTYPE hibernate-mapping PUBLIC "-//Hibernate/Hibernate Mapping DTD 3.0//EN"
"http://hibernate.sourceforge.net/hibernate-mapping-3.0.dtd">
<hibernate-mapping package="com.mtms.entities">
	<class name="Member" table="member">
		<id name="memberNo" column="member_no">
			<generator class="increment" />
		</id>
		<property name="memberName" column="member_nm" />
		<property name="experience" />
		<property name="designation" />
		<property name="primarySkill" column="primary_skill" />
	</class>
</hibernate-mapping>