<?xml version="1.0"?>
<!DOCTYPE hibernate-mapping PUBLIC "-//Hibernate/Hibernate Mapping DTD 3.0//EN"
"http://hibernate.sourceforge.net/hibernate-mapping-3.0.dtd">
<hibernate-mapping package="com.mtms.entities">
	<class name="Project" table="project">
		<id name="projectNo" column="project_no">
			<generator class="increment" />
		</id>
		<property name="title" />
		<property name="description" />
		<property name="duration" />
		<property name="domain" />

		<set name="members" table="project_members">
			<key column="project_no" />
			<many-to-many column="member_no" class="Member" />
		</set>
	</class>
</hibernate-mapping>












