<?xml version="1.0"?>
<!DOCTYPE hibernate-mapping PUBLIC "-//Hibernate/Hibernate Mapping DTD 3.0//EN"
"http://hibernate.sourceforge.net/hibernate-mapping-3.0.dtd">
<hibernate-mapping package="com.ig.entities">
	<class name="Pensioner" table="pensioner">
		<id name="pensionerNo" column="pensioner_no">
			<generator class="uuid">
			</generator>
		</id>
		<property name="firstName" column="first_nm" />
		<property name="lastName" column="last_nm" />
		<property name="dob" />
		<property name="gender" />
	</class>
</hibernate-mapping>