<?xml version="1.0"?>
<!DOCTYPE hibernate-mapping PUBLIC "-//Hibernate/Hibernate Mapping DTD 3.0//EN"
"http://hibernate.sourceforge.net/hibernate-mapping-3.0.dtd">
<hibernate-mapping package="com.tx.entities">
	<class name="Bus" table="bus">
		<id name="busNo" column="bus_no" />
		<property name="busType" type="string">
			<column name="bus_type" length="50" not-null="true"
				sql-type="VARCHAR2" />
		</property>
		<property name="serviceNo" column="service_no" />
		<property name="fuelType" column="fuel_type" />
		<property name="seatingCapacity" column="seating_capacity" />
		<property name="cost" />
	</class>
</hibernate-mapping>