<?xml version="1.0" encoding="UTF-8"?>
<beans xmlns="http://www.springframework.org/schema/beans"
	xmlns:xsi="http://www.w3.org/2001/XMLSchema-instance"
	xsi:schemaLocation="http://www.springframework.org/schema/beans http://www.springframework.org/schema/beans/spring-beans.xsd">

	<bean id="robot" class="com.beanautowiring.beans.Robot"
		autowire="constructor" />

	<bean id="microProcessor1"
		class="com.beanautowiring.beans.MicroProcessor">
		<property name="id" value="23" />
		<property name="type" value="32-bit" />
	</bean>
	<bean id="sensor" class="com.beanautowiring.beans.Sensor">
		<property name="id" value="3" />
		<property name="sensorType" value="Proximity Sensor" />
	</bean>
</beans>
