<?xml version="1.0"?>
<!DOCTYPE hibernate-mapping PUBLIC "-//Hibernate/Hibernate Mapping DTD 3.0//EN"
"http://hibernate.sourceforge.net/hibernate-mapping-3.0.dtd">
<hibernate-mapping package="com.ci.entities">
	<class name="WorkLog" table="work_log">
		<composite-id name="id">
			<key-property name="jobSheetNo" column="job_sheet_no" />
			<key-property name="staffNo" column="staff_no" />
		</composite-id>
		<property name="description" />
		<property name="comments" />
	</class>
</hibernate-mapping>