<?xml version="1.0" encoding="UTF-8"?>
<beans xmlns="http://www.springframework.org/schema/beans"
	xmlns:xsi="http://www.w3.org/2001/XMLSchema-instance"
	xsi:schemaLocation="http://www.springframework.org/schema/beans http://www.springframework.org/schema/beans/spring-beans.xsd">

	<bean id="biCycle" class="com.innerbeans.beans.BiCycle">
		<property name="id" value="940" />
		<property name="manufacturer" value="Atlas" />
		<property name="chain">
			<bean class="com.innerbeans.beans.Chain">
				<property name="chainNo" value="39" />
				<property name="chainType" value="Metal" />
			</bean>
		</property>
	</bean>



</beans>
