<?xml version="1.0" encoding="UTF-8"?>
<!-- This file was auto-generated from WSDL -->
<!-- by the Apache Axis2 version: 1.7.9 Built on : Nov 16, 2018 (12:05:37 
	GMT) -->
<serviceGroup>
	<service name="FreechargeService">
		<messageReceivers>
			<messageReceiver
				mep="http://www.w3.org/ns/wsdl/in-out"
				class="in.freecharge.www.mobile.services.FreechargeServiceMessageReceiverInOut" />
		</messageReceivers>
		<parameter name="ServiceClass">in.freecharge.www.mobile.services.FreechargeServiceSkeleton
		</parameter>
		<parameter name="useOriginalwsdl">true</parameter>
		<parameter name="modifyUserWSDLPortAddress">true</parameter>
		<operation name="recharge"
			mep="http://www.w3.org/ns/wsdl/in-out"
			namespace="http://www.freecharge.in/mobile/services">
			<actionMapping>http://www.freecharge.in/mobile/services/recharge
			</actionMapping>
			<outputActionMapping>http://www.freecharge.in/mobile/services/Freecharge/rechargeResponse
			</outputActionMapping>
		</operation>
	</service>
</serviceGroup>
