<?xml version="1.0" encoding="UTF-8"?>
<et:tracking xmlns:xsi="http://www.w3.org/2001/XMLSchema-instance" xsi:schemaLocation="http://www.ebay.in/sales/tracking file:///D:/work/master/webservices/20180907/xsd/namespaces/import/tracking.xsd" xmlns:et="http://www.ebay.in/sales/tracking" xmlns:bp="http://www.bluedart.com/packages/tracking">
	<order>
		<order-no>933</order-no>
		<ordered-date>2018-10-01</ordered-date>
	</order>
	<bp:order-status>
		<products>
			<product>
				<product-no>939</product-no>
				<product-name>dot</product-name>
				<delivery-status>delivered</delivery-status>
			</product>
		</products>
	</bp:order-status>
</et:tracking>