<?xml version="1.0" encoding="UTF-8"?>
<ap:product xmlns:xsi="http://www.w3.org/2001/XMLSchema-instance" xsi:schemaLocation="http://amazon.in/products/types file:///D:/work/master/webservices/20180907/xsd/namespaces/product.xsd" xmlns:ap="http://amazon.in/products/types">
	<ap:product-no>939</ap:product-no>
	<ap:product-name>amazon echo dot</ap:product-name>
	<ap:description>voice assistance</ap:description>
	<ap:manufactured-date>2018-01-01</ap:manufactured-date>
	<ap:price>2999</ap:price>
</ap:product>
