<?xml version="1.0" encoding="UTF-8"?>
<rt:redbus-ticket xmlns:xsi="http://www.w3.org/2001/XMLSchema-instance" xsi:schemaLocation="http://www.redbus.in/travel/agent file:///D:/work/master/webservices/20180907/xsd/namespaces/redbus-ticket.xsd http://www.kaleswari.com/bus/provider file:///D:/work/master/webservices/20180907/xsd/namespaces/kaleswari-ticket.xsd" xmlns:rt="http://www.redbus.in/travel/agent" xmlns:kbp="http://www.kaleswari.com/bus/provider">

	<rt:redbus-ticket-no>393</rt:redbus-ticket-no>
	<rt:booking-date>2018-11-04</rt:booking-date>
	<rt:account-name>adrew</rt:account-name>
	<rt:journey-information>
		<rt:source>hyderabad</rt:source>
		<rt:destination>banglore</rt:destination>
		<rt:journey-date>2018-11-05</rt:journey-date>
		<rt:amount>600</rt:amount>
		<rt:discount>0</rt:discount>
		<rt:amount-paid>600</rt:amount-paid>
	</rt:journey-information>
	<rt:contact-information>
		<rt:contact-name>adrew</rt:contact-name>
		<rt:mobile-no>98989899</rt:mobile-no>
		<rt:email-address>adrew@gmail.com</rt:email-address>
		<rt:gender>Male</rt:gender>
		<rt:age>28</rt:age>
	</rt:contact-information>
	<rt:ticket-details>
		<kbp:kaleswari-ticket>
			<kbp:bus-no>ts 09 ab 0980</kbp:bus-no>
			<kbp:route-no>34</kbp:route-no>
			<kbp:partner-reference-no>redbus</kbp:partner-reference-no>
			<kbp:seats>
				<kbp:seat>
					<kbp:side>left</kbp:side>
					<kbp:seat-no>3</kbp:seat-no>
				</kbp:seat>
			</kbp:seats>
			<kbp:boarding-point>ameerpet</kbp:boarding-point>
			<kbp:departure-time>9:50 pm</kbp:departure-time>
			<kbp:estimated-travel-hours>11</kbp:estimated-travel-hours>
		</kbp:kaleswari-ticket>
	</rt:ticket-details>
</rt:redbus-ticket>








