<?xml version="1.0"?>
<!DOCTYPE hibernate-mapping PUBLIC "-//Hibernate/Hibernate Mapping DTD 3.0//EN"
"http://hibernate.sourceforge.net/hibernate-mapping-3.0.dtd">
<hibernate-mapping package="com.h4b.entities">
	<class name="Staff" table="staff">
		<id name="staffNo" column="staff_no" />
		<property name="firstName" column="first_nm" />
		<property name="lastName" column="last_nm" />
		<property name="gender" />
		<property name="age" />
		<property name="designation" />
		<property name="experience" />
		<property name="department"/>
	</class>
</hibernate-mapping>